일자,시가,고가,저가,종가,거래량,환율(원/달러)
2017-02-17,2072.57,2081.18,2072.57,2080.58,301517,1146.3
2017-02-20,2084.16,2085.59,2077.13,2084.39,297203,1147.5
2017-02-21,2085.97,2108.48,2085,2102.93,292539,1146.1
2017-02-22,2106.42,2108.98,2101.56,2106.61,312219,1142.6
2017-02-23,2106.15,2108.99,2103.11,2107.63,430850,1137.3
2017-02-24,2106.43,2107.83,2090.05,2094.12,385394,1131.5
2017-02-27,2095.47,2097.24,2084.08,2085.52,343702,1133.7
2017-02-28,2087.26,2094.41,2084.36,2091.64,399821,1130.7
2017-03-02,2105.19,2112.58,2096.31,2102.65,434713,1141.6
2017-03-03,2090.92,2091.59,2072.09,2078.75,425935,1156.1
2017-03-06,2073.2,2083.8,2067.68,2081.36,431445,1158
2017-03-07,2080.77,2096.79,2079.16,2094.05,277830,1146.1
2017-03-08,2092.27,2101.56,2088.19,2095.41,381441,1145.5
2017-03-09,2098.29,2100.08,2090.73,2091.06,408229,1158.1
2017-03-10,2088.67,2102.05,2082.31,2097.35,500860,1157.4
2017-03-13,2102.37,2122.88,2100.91,2117.59,382129,1144.4
2017-03-14,2127.12,2135.5,2124.42,2133.78,365074,1148.8
2017-03-15,2128.42,2135.38,2127.26,2133,374699,1143.6
2017-03-16,2154.98,2156.85,2143.01,2150.08,402424,1132
2017-03-17,2150.47,2164.59,2148.86,2164.58,302788,1130.9
2017-03-20,2160.32,2160.57,2151.51,2157.01,264946,1120.1
2017-03-21,2162.95,2181.99,2160.25,2178.38,303940,1120.3
2017-03-22,2159.97,2170,2158.96,2168.3,394425,1123.3
2017-03-23,2174.09,2182.42,2170.56,2172.72,358607,1122.4
2017-03-24,2171.36,2179.34,2163.34,2168.95,358673,1122.6
2017-03-27,2161.17,2165.25,2153.14,2155.66,395862,1112.8
2017-03-28,2166.58,2169.14,2157.71,2163.31,393970,1113
2017-03-29,2172.31,2172.31,2162.04,2166.98,626792,1114.2
2017-03-30,2170.18,2174.16,2159.16,2164.64,643563,1117.2
2017-03-31,2166.62,2166.93,2159.8,2160.23,441640,1118.4
2017-04-03,2166.04,2171.33,2161.26,2167.51,398513,1115.3
2017-04-04,2165.23,2166.94,2156.89,2161.1,522093,1121.9
2017-04-05,2161.9,2164.85,2146.98,2160.85,571691,1124.4
2017-04-06,2152.64,2153.83,2143.3,2152.75,510164,1133.2
2017-04-07,2154.87,2155.7,2142.51,2151.73,408456,1134.5
2017-04-10,2148.83,2148.83,2128.35,2133.32,512916,1142.2
2017-04-11,2129.23,2136.55,2117.82,2123.85,489309,1145.8
2017-04-12,2128.17,2129.82,2122.94,2128.91,427358,1141.4
2017-04-13,2130.64,2148.61,2125.87,2148.61,357582,1129.7
2017-04-14,2138.28,2141.61,2127.8,2134.88,383688,1140
2017-04-17,2140.87,2150.7,2138.7,2145.76,259303,1137.7
2017-04-18,2155.36,2155.36,2139.31,2148.46,291399,1142.4
2017-04-19,2144.98,2148.03,2133.82,2138.4,344221,1140.2
2017-04-20,2138.19,2150.43,2134.05,2149.15,268315,1139.8
2017-04-21,2161.24,2169.46,2156.64,2165.04,281540,1134.4
2017-04-24,2175.5,2177.89,2166.83,2173.74,374713,1129.9
2017-04-25,2175.7,2196.85,2174.11,2196.85,275897,1125.4
2017-04-26,2202.37,2210.61,2200.73,2207.84,397525,1125.1
2017-04-27,2201.72,2211.59,2199.76,2209.46,386106,1130.1
2017-04-28,2214.36,2217.04,2202.2,2205.44,268642,1137.9
2017-05-02,2213.61,2229.74,2212.87,2219.67,295139,1130.5
2017-05-04,2224.91,2241.24,2224.91,2241.24,261918,1132.7
2017-05-08,2245.61,2292.76,2244.23,2292.76,281761,1131.4
2017-05-10,2294.1,2323.22,2264.31,2270.12,422888,1135.8
2017-05-11,2278.47,2297.67,2271.66,2296.37,463460,1127.9
2017-05-12,2296.06,2296.51,2283.38,2286.02,335337,1127.4
2017-05-15,2288.23,2297.31,2280.6,2290.65,251594,1123.6
2017-05-16,2306.73,2309,2283.84,2295.33,368138,1116
2017-05-17,2291.56,2295.87,2283.01,2293.08,394821,1118.3
2017-05-18,2271.27,2288.85,2267.08,2286.82,378315,1124.5
2017-05-19,2286.78,2293.82,2282.13,2288.48,421133,1127.2
2017-05-22,2300.68,2305.21,2292.95,2304.03,340061,1118.6
2017-05-23,2308.69,2326.57,2303.15,2311.74,341085,1124.2
2017-05-24,2319.37,2322.54,2312.93,2317.34,409559,1126.8
2017-05-25,2325.49,2343.72,2321.26,2342.93,369280,1116.5
2017-05-26,2344.39,2364.8,2341.61,2355.3,312902,1120.7
2017-05-29,2362.59,2371.67,2344.25,2352.97,316177,1121.7
2017-05-30,2356.54,2358.69,2332.16,2343.68,508844,1125.1
2017-05-31,2339.25,2355.23,2338.25,2347.38,555939,1119.5
2017-06-01,2348.31,2351.31,2335.63,2344.61,336690,1122
2017-06-02,2353.77,2372.65,2353.45,2371.72,399499,1121.8
2017-06-05,2376.66,2376.83,2363.61,2368.62,326411,1118.3
2017-06-07,2364.96,2369.43,2356.71,2360.14,376207,1124
2017-06-08,2361.64,2365.52,2347.62,2363.57,417080,1122.1
2017-06-09,2371.22,2385.15,2367.81,2381.69,520558,1123.2
2017-06-12,2370.69,2374.7,2353.35,2357.87,327233,1127.3
2017-06-13,2358.92,2375.81,2358.92,2374.7,322081,1128.3
2017-06-14,2384.54,2387.29,2366.92,2372.64,392997,1123.9
2017-06-15,2373.36,2378.04,2350.37,2361.65,334886,1124.1
2017-06-16,2364.2,2365.37,2355.29,2361.83,329179,1134.1
2017-06-19,2364.02,2377.2,2356.84,2370.9,290944,1132.7
2017-06-20,2382.54,2382.54,2365.45,2369.23,360733,1135.4
2017-06-21,2358.23,2359.97,2346.19,2357.53,360344,1144
2017-06-22,2364.22,2370.39,2354.1,2370.37,299232,1140.9
2017-06-23,2371.54,2380.94,2369.17,2378.6,256259,1138.8
2017-06-26,2381.09,2390.7,2377.88,2388.66,325674,1137.1
2017-06-27,2386.76,2397.14,2383.47,2391.95,358034,1136.9
2017-06-28,2382.91,2390.89,2380.75,2382.56,361176,1144
2017-06-29,2396.81,2402.8,2393.57,2395.66,445131,1141.1
2017-06-30,2382.15,2391.81,2381.4,2391.79,343529,1144.1
2017-07-03,2397.66,2399.9,2384.55,2394.48,310991,1146.9
2017-07-04,2395.24,2398.02,2376.41,2380.52,411776,1150.6
2017-07-05,2377.01,2390.29,2375.63,2388.35,333721,1150.5
2017-07-06,2390.31,2392.5,2380.82,2387.81,301472,1157.4
2017-07-07,2376.29,2385.02,2372.83,2379.87,314370,1154.3
2017-07-10,2386.3,2389.87,2378.04,2382.1,296262,1149.5
2017-07-11,2386.42,2396.46,2382.69,2396,284462,1151.1
2017-07-12,2395.41,2399.28,2390.45,2391.77,268926,1145.1
2017-07-13,2405.76,2422.26,2402.92,2409.49,289260,1136.3
2017-07-14,2418.27,2421.48,2411.34,2414.63,258765,1133.3
2017-07-17,2427.76,2430.34,2419.91,2425.1,254205,1128.3
2017-07-18,2425.07,2426.16,2419.17,2426.04,260661,1123.1
2017-07-19,2430.09,2430.09,2419.64,2429.94,270965,1120.6
2017-07-20,2436.06,2443.69,2427.95,2441.84,251916,1125.5
2017-07-21,2438.78,2451.59,2437.84,2450.06,250131,1118.2
2017-07-24,2451.41,2451.53,2443.65,2451.53,233407,1114
2017-07-25,2450.76,2453.17,2437.14,2439.9,275199,1115.3
2017-07-26,2446.82,2446.96,2429.62,2434.51,336108,1121.8
2017-07-27,2443.28,2448.24,2435.49,2443.24,426497,1112.8
2017-07-28,2433.46,2434.38,2399.06,2400.99,318651,1122.1
2017-07-31,2392.02,2403.9,2388.39,2402.71,277570,1119
2017-08-01,2397.12,2432.62,2394.27,2422.96,264036,1121.3
2017-08-02,2431.94,2434.47,2424.18,2427.63,261569,1124
2017-08-03,2423.21,2423.55,2374.11,2386.85,303575,1128.8
2017-08-04,2389.74,2400.33,2383.45,2395.45,273565,1125
2017-08-07,2402.57,2412.13,2395.74,2398.75,244123,1127.1
2017-08-08,2404.68,2410.22,2383.94,2394.73,252853,1125.1
2017-08-09,2379.7,2387.53,2366.33,2368.39,234073,1135.2
2017-08-10,2360.95,2371.5,2339.06,2359.47,283873,1142
2017-08-11,2323.06,2335.12,2310.2,2319.71,318581,1143.5
2017-08-14,2336.02,2341.78,2327.8,2334.22,214025,1139.7
2017-08-16,2355.74,2358.46,2343.72,2348.26,270520,1141.5
2017-08-17,2351.61,2364.5,2346.74,2361.67,255766,1137.2
2017-08-18,2340.19,2362.43,2340.19,2358.37,201479,1141.3
2017-08-21,2363.38,2363.38,2351.96,2355,207225,1139
2017-08-22,2360.29,2369.02,2359.97,2365.33,251864,1133.8
2017-08-23,2376.53,2379.59,2360.71,2366.4,228615,1131.8
2017-08-24,2370.12,2382.72,2368.29,2375.84,295530,1127.9
2017-08-25,2381.47,2384.59,2372.67,2378.51,341960,1128.2
2017-08-28,2376.38,2383.46,2366.23,2370.3,226868,1120.1
2017-08-29,2356.2,2364.74,2332.85,2364.74,223089,1126.4
2017-08-30,2368.13,2372.29,2363.43,2372.29,305636,1124.2
2017-08-31,2373.96,2377.02,2355.29,2363.19,265050,1127.8
2017-09-01,2367.45,2370.25,2351.37,2357.69,280059,1122.8
2017-09-04,2316.89,2344.82,2316.89,2329.65,248494,1133
2017-09-05,2340.62,2340.62,2319.94,2326.62,320428,1131.1
2017-09-06,2324.84,2325.56,2314.31,2319.82,252681,1135.4
2017-09-07,2328.94,2349.79,2328.92,2346.19,277036,1129.4
2017-09-08,2350.19,2351.73,2340.63,2343.72,214592,1127.5
2017-09-11,2354.86,2369.72,2354.35,2359.08,243612,1131.9
2017-09-12,2372.02,2372.45,2359.12,2365.47,333573,1128.5
2017-09-13,2370.54,2373.61,2360.17,2360.18,318871,1128.5
2017-09-14,2365.54,2377.66,2358.43,2377.66,314262,1132.6
2017-09-15,2368.44,2386.07,2365.37,2386.07,298738,1131.7
2017-09-18,2390.58,2418.24,2389.65,2418.21,273477,1126.6
2017-09-19,2419.3,2422.05,2411.68,2416.05,254585,1131.3
2017-09-20,2420.82,2429.12,2405.78,2412.2,303285,1128.3
2017-09-21,2412.01,2415.13,2401.89,2406.5,335339,1132.7
2017-09-22,2404.35,2409.3,2381.81,2388.71,333616,1136.5
2017-09-25,2388.77,2392.44,2374.69,2380.4,339345,1131.8
2017-09-26,2371.62,2381.31,2365.34,2374.32,319124,1136.8
2017-09-27,2376.89,2377.18,2368.92,2372.57,202618,1140.7
2017-09-28,2374.1,2379.54,2365.67,2373.14,194772,1149.1
2017-09-29,2378.66,2394.47,2378.66,2394.47,184191,1145.4
2017-10-10,2425.63,2443.2,2421.1,2433.81,221744,1135.1
2017-10-11,2442.49,2458.16,2439.81,2458.16,201771,1135.2
2017-10-12,2461.7,2474.76,2459.48,2474.76,256211,1133.2
2017-10-13,2473.65,2479.73,2468.14,2473.62,234800,1128.9
2017-10-16,2483.17,2487.71,2470.24,2480.05,224414,1127.8
2017-10-17,2484.96,2487.88,2478.76,2484.37,199049,1132.5
2017-10-18,2481.53,2490.58,2475.67,2482.91,244245,1129.9
2017-10-19,2485.72,2490.94,2468.67,2473.06,236625,1132.4
2017-10-20,2477.3,2489.54,2476.88,2489.54,313210,1131
2017-10-23,2497.65,2500.33,2485.48,2490.05,274201,1130.2
2017-10-24,2489.31,2497.35,2487.17,2490.49,232007,1127.4
2017-10-25,2495.87,2497.41,2481.48,2492.5,599434,1127.9
2017-10-26,2489.6,2495.99,2480.63,2480.63,646882,1124.6
2017-10-27,2485.44,2499.15,2479.67,2496.63,511225,1130.5
2017-10-30,2513.87,2513.87,2497.42,2501.93,342006,1124.6
2017-10-31,2500.21,2528.32,2498.05,2523.43,313787,1120.3
2017-11-01,2535.97,2556.47,2535.83,2556.47,361796,1114.5
2017-11-02,2560.34,2561.63,2542.02,2546.36,527727,1114.4
2017-11-03,2558.37,2558.37,2539.72,2557.97,292766,1113.8
2017-11-06,2557.29,2559.9,2529.94,2549.41,221187,1115
2017-11-07,2548.3,2554.13,2540.67,2545.44,253921,1111.9
2017-11-08,2534.48,2558.74,2533.73,2552.4,277039,1115.6
2017-11-09,2559.93,2559.93,2536.54,2550.57,293539,1115.6
2017-11-10,2541.18,2547.61,2534.6,2542.95,291525,1117.1
2017-11-13,2548.27,2552.28,2527.2,2530.35,266530,1120.6
2017-11-14,2532.55,2532.95,2520.99,2526.64,287771,1118.1
2017-11-15,2525.6,2526.61,2511.76,2518.25,398215,1112.3
2017-11-16,2522.42,2538.28,2514.51,2534.79,302931,1101.4
2017-11-17,2546.05,2559.1,2533.99,2533.99,362192,1097.5
2017-11-20,2536.8,2542.62,2523.52,2527.67,404259,1100.6
2017-11-21,2533.85,2539.88,2525.96,2530.7,484887,1095.8
2017-11-22,2546.61,2553.22,2535.19,2540.51,485670,1089.1
2017-11-23,2542.34,2544.58,2532.45,2537.15,391292,1085.4
2017-11-24,2539.79,2544.33,2533.98,2544.33,297938,1085.4
2017-11-27,2544.74,2546.71,2506.69,2507.81,284887,1088.6
2017-11-28,2512.52,2521.06,2500.93,2514.19,348243,1084.4
2017-11-29,2517.26,2524.41,2508.66,2512.9,301208,1076.8
2017-11-30,2502.22,2506.32,2474.28,2476.37,339022,1088.2
2017-12-01,2488.92,2488.92,2472.75,2475.41,288567,1086.4
2017-12-04,2486.72,2501.67,2476.29,2501.67,323846,1088.7
2017-12-05,2490.73,2513.68,2487.15,2510.12,395429,1085.8
2017-12-06,2510.19,2510.47,2474.29,2474.37,507624,1093.7
2017-12-07,2479.55,2480.85,2452.4,2461.98,404853,1093.5
2017-12-08,2470.09,2473.17,2459.02,2464,406381,1093.3
2017-12-11,2467.81,2471.99,2457.98,2471.49,240137,1092.3
2017-12-12,2471.23,2471.43,2455.39,2461,281191,1092.4
2017-12-13,2462.42,2481.92,2457.7,2480.55,254953,1090.7
2017-12-14,2486.57,2514.61,2469.48,2469.48,317786,1089.1
2017-12-15,2488.39,2495.08,2475.99,2482.07,340758,1089.8
2017-12-18,2488.83,2488.83,2477.29,2481.88,324358,1088.5
2017-12-19,2487.83,2498.67,2470.49,2478.53,308390,1084.9
2017-12-20,2473.82,2484.5,2470.62,2472.37,236176,1080.9
2017-12-21,2471.34,2471.73,2429.83,2429.83,247330,1082.7
2017-12-22,2437.59,2444.57,2426.94,2440.54,230412,1079.7
2017-12-26,2447.67,2457.19,2427.34,2427.34,224640,1076.1
2017-12-27,2420.86,2436.68,2411.48,2436.67,194850,1074.1
2017-12-28,2439.31,2467.51,2437.26,2467.49,220336,1070.5
2018-01-02,2474.86,2481.02,2465.94,2479.65,262205,1061.2
2018-01-03,2484.63,2493.4,2481.91,2486.35,331094,1064.5
2018-01-04,2502.5,2502.5,2466.45,2466.46,333836,1062.2
2018-01-05,2476.85,2497.52,2475.51,2497.52,308769,1062.7
2018-01-08,2510.7,2515.37,2494.18,2513.28,311429,1066
2018-01-09,2510.73,2524.73,2498.41,2510.23,374322,1067.1
2018-01-10,2516.33,2516.82,2493.98,2499.75,444022,1071.9
2018-01-11,2496.86,2502.52,2483.82,2487.91,444340,1072
2018-01-12,2499.87,2500.87,2482.15,2496.42,438775,1064.8
2018-01-15,2510.97,2513.3,2496.18,2503.73,404550,1062.7
2018-01-16,2504.16,2524.55,2498.55,2521.74,341606,1062.7
2018-01-17,2517.19,2521.97,2506.49,2515.43,336712,1069.3
2018-01-18,2527.67,2532.08,2512.69,2515.81,333112,1070.7
2018-01-19,2519.67,2524.33,2513.09,2520.26,351845,1065.9
2018-01-22,2516.9,2517.12,2488.44,2502.11,342994,1070.1
2018-01-23,2510.35,2536.6,2507.96,2536.6,370007,1070.2
2018-01-24,2533.86,2547.22,2531.31,2538,371087,1070.2
2018-01-25,2536.96,2564.43,2536.73,2562.23,514605,1058.6
2018-01-26,2560.69,2574.76,2553.53,2574.76,400648,1063.9
2018-01-29,2588.87,2607.1,2587.55,2598.19,437474,1065.6
2018-01-30,2590.41,2599.17,2567.07,2567.74,397038,1073.6
2018-01-31,2557.37,2597.14,2553.01,2566.46,403051,1067.9
2018-02-01,2578.91,2583.74,2564.59,2568.54,595147,1071.9
2018-02-02,2565.99,2565.99,2519.6,2525.39,481817,1079.7
2018-02-05,2487.34,2503.99,2476.24,2491.75,442349,1088.5
2018-02-06,2437.02,2460.28,2409.38,2453.31,582836,1091.5
2018-02-07,2483.72,2484.18,2396.56,2396.56,460075,1086.6
2018-02-08,2400.17,2423.88,2393.46,2407.62,362415,1087.9
2018-02-09,2346.73,2372.9,2346.73,2363.77,489112,1092.1
2018-02-12,2380.49,2397.9,2367.31,2385.38,352288,1084.6
2018-02-13,2402.89,2421.8,2388.54,2395.19,423415,1084.5
2018-02-14,2412.47,2426.63,2408.02,2421.83,305739,1077.2
2018-02-19,2452.52,2455.12,2428.15,2442.82,322137,1067.6
2018-02-20,2433.35,2438.48,2411.23,2415.12,421485,1073.5
2018-02-21,2417.73,2432.45,2404.02,2429.65,432275,1076.2
2018-02-22,2417.18,2422.62,2405.23,2414.28,349492,1084.3
2018-02-23,2427.13,2451.52,2427.13,2451.52,300578,1079
2018-02-26,2465.35,2466.08,2447.86,2457.65,321259,1073.4
2018-02-27,2474.08,2480.79,2456.14,2456.14,271231,1071.3
2018-02-28,2447.11,2460.12,2426.21,2427.36,367556,1082.8
2018-03-02,2406.57,2410.34,2387.25,2402.16,320397,1080.3
2018-03-05,2405.92,2407.98,2374.8,2375.06,312254,1082
2018-03-06,2400.67,2413.01,2392.87,2411.41,400110,1076.1
2018-03-07,2413.39,2429.43,2395.24,2401.82,412971,1069.1
2018-03-08,2420.67,2433.08,2407.59,2433.08,394848,1070.2
2018-03-09,2443.43,2476.43,2436.03,2459.45,437265,1069.8
2018-03-12,2485.64,2489.46,2474.91,2484.12,391303,1065.2
2018-03-13,2483.05,2494.49,2478.76,2494.49,350203,1067.5
2018-03-14,2477.43,2486.98,2474.77,2486.08,360865,1064.6
2018-03-15,2486,2496.51,2471.04,2492.38,344009,1065.4
2018-03-16,2495.11,2497.8,2476.88,2493.97,377766,1066.2
2018-03-19,2491.99,2493.56,2470.91,2475.03,477219,1071.6
2018-03-20,2456.8,2485.52,2456.8,2485.52,291495,1068.6
2018-03-21,2488.22,2492.88,2483.78,2484.97,399073,1072.3
2018-03-22,2494.84,2508.71,2485.34,2496.02,482138,1072.7
2018-03-23,2446.73,2450.4,2412.62,2416.76,457952,1082.2
2018-03-26,2414.68,2437.08,2399.44,2437.08,306904,1081.1
2018-03-27,2455,2456.55,2444.92,2452.06,332128,1070.3
2018-03-28,2425.94,2430.77,2409.47,2419.29,501307,1070.8
2018-03-29,2421.7,2439.47,2413.71,2436.37,333359,1065.9
2018-03-30,2454.1,2458.24,2445.72,2445.85,395329,1063.5
2018-04-02,2454.72,2467.52,2440.89,2444.16,390319,1056.6
2018-04-03,2422.26,2442.43,2416.44,2442.43,497140,1054.2
2018-04-04,2447.97,2447.97,2405.91,2408.06,551703,1059.8
2018-04-05,2426.92,2446.78,2420.92,2437.52,591042,1059.7
2018-04-06,2420.88,2433.97,2417.24,2429.58,454309,1069.6
2018-04-09,2424.15,2446.28,2424.15,2444.08,334424,1067.1
2018-04-10,2439.94,2454.36,2419.55,2450.74,356390,1066.4
2018-04-11,2456.53,2458.99,2441.2,2444.22,355187,1066.3
2018-04-12,2450.95,2454.95,2441.58,2442.71,441568,1069.5
2018-04-13,2449.42,2457.85,2442.35,2455.07,395886,1069.5
2018-04-16,2466.04,2466.16,2449.97,2457.49,347173,1074
2018-04-17,2459.39,2465.63,2449.08,2453.77,394700,1067
2018-04-18,2467.55,2486.73,2467.55,2479.98,647285,1068.7
2018-04-19,2483.26,2490.57,2476.51,2486.1,727030,1061.5
2018-04-20,2478.59,2485.15,2472.37,2476.33,531718,1067.3
2018-04-23,2473.7,2478.57,2466.57,2474.11,701423,1069
2018-04-24,2478.47,2479.32,2454.44,2464.14,524280,1076.8
2018-04-25,2444.19,2453.54,2436.51,2448.81,466095,1080.6
2018-04-26,2460.62,2484.09,2456.2,2475.64,520917,1080.9
2018-04-27,2497.75,2508.13,2484.19,2492.4,464957,1076.6
2018-04-30,2502.29,2515.38,2500.22,2515.38,746291,1068
2018-05-02,2515.75,2516.57,2501.71,2505.61,807588,1076.1
2018-05-03,2506.94,2507.91,2487.25,2487.25,614102,1076.3
2018-05-04,2486.47,2487.77,2461.38,2461.38,612024,1077.2
2018-05-08,2468.45,2479.75,2444.08,2449.81,714734,1076.5
2018-05-09,2450.71,2451.86,2428.79,2443.98,593365,1080.9
2018-05-10,2458.67,2464.72,2448.01,2464.16,490004,1073.1
2018-05-11,2469.3,2483.85,2468.41,2477.71,599900,1069.3
2018-05-14,2482.97,2486.17,2471.91,2476.11,650707,1068
2018-05-15,2476.87,2480.22,2456.2,2458.54,712619,1073.8
2018-05-16,2446.64,2465.55,2444.67,2459.82,691813,1077.6
2018-05-17,2468.72,2472.82,2448.43,2448.45,596771,1081.2
2018-05-18,2459.73,2461.95,2452.34,2460.65,431376,1077.6
2018-05-21,2464.07,2472.3,2447.69,2465.57,588088,1085.4
2018-05-23,2462.98,2476.86,2460.07,2471.91,752675,1080.7
2018-05-24,2477.48,2481.31,2457.84,2466.01,638125,1079.6
2018-05-25,2452.8,2466.57,2444.77,2460.8,653592,1078
2018-05-28,2465,2482.4,2463.14,2478.96,708362,1074.2
2018-05-29,2476.7,2479.68,2457.18,2457.25,571836,1076.8
2018-05-30,2446.81,2449.88,2399.58,2409.03,575922,1080.9
2018-05-31,2428.83,2430.15,2415.5,2423.01,816930,1077.7
2018-06-01,2419.63,2445.31,2418.11,2438.96,603023,1075
2018-06-04,2444.62,2452.67,2441.25,2447.76,438929,1071.9
2018-06-05,2450.39,2455.78,2432.81,2453.76,501363,1070.7
2018-06-07,2468.26,2478.67,2466.01,2470.58,474146,1069
2018-06-08,2467.88,2468.27,2449.11,2451.58,530159,1075.9
2018-06-11,2454.25,2470.99,2448,2470.15,427946,1075.2
2018-06-12,2474.78,2479.56,2462.84,2468.83,613166,1077.2
2018-06-14,2450.86,2451.95,2422.37,2423.48,533448,1083.1
2018-06-15,2432.18,2433.51,2403.97,2404.04,502361,1097.7
2018-06-18,2404.68,2405.56,2365.31,2376.24,564818,1104.8
2018-06-19,2373.12,2379.49,2336.54,2340.11,606304,1109.1
2018-06-20,2350.24,2374.52,2345.22,2363.91,456004,1105.1
2018-06-21,2364.16,2370.58,2337.83,2337.83,438264,1112.8
2018-06-22,2323.08,2357.4,2320.76,2357.22,537263,1107.4
2018-06-25,2351.89,2361.39,2337.22,2357.88,415079,1117.2
2018-06-26,2334.75,2358.01,2326.61,2350.92,470914,1114.8
2018-06-27,2349.38,2358.71,2342.02,2342.03,526625,1117.6
2018-06-28,2327.37,2335.35,2310.8,2314.24,414370,1124.2
2018-06-29,2325.68,2329.58,2296.39,2326.13,396663,1114.5
2018-07-02,2322.23,2327.59,2271.53,2271.54,393265,1120
2018-07-03,2285.88,2287.39,2252.36,2272.76,366027,1118.7
2018-07-04,2270.95,2280.81,2261.34,2265.46,315103,1114.5
2018-07-05,2264.74,2274.74,2243.9,2257.55,346883,1118.6
2018-07-06,2261.44,2283.75,2247.35,2272.87,344433,1115.9
2018-07-09,2276.92,2294.61,2267.25,2285.8,352638,1112.2
2018-07-10,2299.09,2305.84,2292.13,2294.16,339918,1116
2018-07-11,2277.22,2287.08,2262.77,2280.62,422988,1120
2018-07-12,2285.93,2298.56,2277.73,2285.06,364407,1125.9
2018-07-13,2293.07,2313.8,2293.07,2310.9,291562,1123.5
2018-07-16,2312.26,2317.84,2299.79,2301.99,297122,1129.2
2018-07-17,2302.95,2306.07,2290.24,2297.92,379033,1124.1
2018-07-18,2313.78,2319.39,2287.1,2290.11,402771,1132.3
2018-07-19,2298.91,2300.18,2278.94,2282.29,464516,1133.2
2018-07-20,2281.36,2293.34,2269.55,2289.19,353236,1133.7
2018-07-23,2289.61,2289.61,2264.42,2269.31,334290,1131.4
2018-07-24,2273.15,2284.43,2263.13,2280.2,436133,1135.2
2018-07-25,2284.38,2292.61,2269.67,2273.03,309319,1126.3
2018-07-26,2284.51,2297.16,2276.54,2289.06,303334,1119.3
2018-07-27,2292.33,2295.27,2284.44,2294.99,262143,1118.1
2018-07-30,2290.18,2296.91,2283.29,2293.51,206497,1120.2
2018-07-31,2292.23,2296.6,2286.02,2295.26,223927,1118.7
2018-08-01,2301.17,2312.65,2301.13,2307.07,219034,1120.6
2018-08-02,2304.14,2306.72,2265.46,2270.2,352056,1126.1
2018-08-03,2278.33,2288.93,2272.94,2287.68,270494,1127.6
2018-08-06,2288.51,2300.38,2283.26,2286.5,244548,1124
2018-08-07,2290.85,2301.27,2279.55,2300.16,230339,1123.8
2018-08-08,2305.73,2308.6,2298.41,2301.45,299691,1119.9
2018-08-09,2303.04,2303.71,2291.91,2303.71,244882,1117.2
2018-08-10,2295.21,2295.62,2277.89,2282.79,286161,1128.9
2018-08-13,2266.43,2271.82,2238.55,2248.45,335380,1133.9
2018-08-14,2249.86,2262.52,2247.37,2258.91,255216,1127.9
2018-08-16,2233.05,2244.08,2218.09,2240.8,312519,1130.1
2018-08-17,2244.61,2250.92,2240.14,2247.05,238377,1124.9
2018-08-20,2257.35,2264.42,2245.06,2247.88,271600,1123.1
2018-08-21,2248.04,2272.86,2244.59,2270.06,294337,1118.4
2018-08-22,2273.68,2280.31,2268.91,2273.33,269270,1118.9
2018-08-23,2282.57,2282.88,2268.06,2282.6,338386,1121.4
2018-08-24,2276.16,2295.22,2271.35,2293.21,347291,1118.9
2018-08-27,2297.32,2302.87,2289.41,2299.3,307044,1113.8
2018-08-28,2312.14,2314.6,2299.45,2303.12,276889,1110
2018-08-29,2304.66,2309.88,2300.21,2309.03,268214,1110.2
2018-08-30,2313.11,2320.85,2305.46,2307.35,286926,1108.6
2018-08-31,2298.13,2322.88,2295.72,2322.88,255908,1112.9
2018-09-03,2317.93,2318.72,2302.17,2307.03,230513,1110.3
2018-09-04,2308.96,2317.74,2302.17,2315.72,277014,1114.9
2018-09-05,2310.9,2315.43,2288.01,2291.77,358187,1121.5
2018-09-06,2288.8,2298.47,2284.5,2287.61,387510,1124
2018-09-07,2278.08,2286.82,2264.9,2281.58,357560,1122.8
2018-09-10,2277.35,2289.38,2276.6,2288.66,312612,1128.4
2018-09-11,2286.91,2295.76,2275.13,2283.2,368210,1125.3
2018-09-12,2286.28,2289.66,2271,2282.92,336830,1128.6
2018-09-13,2285.28,2291.51,2281.63,2286.23,301308,1122.4
2018-09-14,2304.7,2318.65,2304.15,2318.25,292236,1116.6
2018-09-17,2314.55,2314.55,2295.26,2303.01,343167,1126.6
2018-09-18,2287.73,2310.97,2287.42,2308.98,309235,1123.2
2018-09-19,2319.22,2319.22,2301.79,2308.46,350949,1121.1
2018-09-20,2314.41,2334.04,2311.56,2323.45,289085,1120.4
2018-09-21,2332.04,2339.17,2325.12,2339.17,321703,1115.3
2018-09-27,2331.7,2355.43,2331.7,2355.43,279230,1112.5
2018-09-28,2356.13,2356.62,2337.47,2343.07,317870,1109.3
2018-10-01,2349.64,2352.11,2333.32,2338.88,278310,1111.8
2018-10-02,2338.28,2341.55,2308.9,2309.57,287868,1119.2
2018-10-04,2311.06,2311.06,2270.22,2274.49,309502,1129.9
2018-10-05,2269.94,2278.12,2250.99,2267.52,282139,1130.4
2018-10-08,2258.73,2273.71,2253.83,2253.83,214644,1132.7
2018-10-10,2256.03,2257.52,2222.95,2228.61,365683,1134
2018-10-11,2176.16,2186.69,2129.67,2129.67,411919,1144.4
2018-10-12,2131.66,2173.01,2129.13,2161.85,292573,1131.4
2018-10-15,2155.34,2159.23,2141.28,2145.12,259176,1134.3
2018-10-16,2156,2161.76,2140.19,2145.12,222512,1128
2018-10-17,2169.44,2182.77,2159.37,2167.51,275159,1126.5
2018-10-18,2158.8,2168.01,2146.61,2148.31,321762,1135.2
2018-10-19,2130.06,2158.78,2117.62,2156.26,351771,1132.1
2018-10-22,2143.08,2163.21,2136.92,2161.71,308740,1128.4
2018-10-23,2147.3,2148.8,2094.69,2106.1,373468,1137.6
2018-10-24,2119.19,2121.36,2092.1,2097.58,399734,1132.3
2018-10-25,2046.67,2066.06,2033.81,2063.3,376014,1138
2018-10-26,2066.57,2066.57,2008.86,2027.15,449197,1141.9
2018-10-29,2026.68,2045.76,1993.77,1996.05,427304,1141.4
2018-10-30,1985.95,2028.84,1985.95,2014.69,441585,1139.2
2018-10-31,2022.84,2030.5,2006.63,2029.69,373027,1139.6
2018-11-01,2035.11,2054.22,2023.43,2024.46,343813,1138.1
2018-11-02,2046.61,2096.63,2044.94,2096,371978,1121.6
2018-11-05,2079.81,2080.49,2052.67,2076.92,361302,1123.5
2018-11-06,2085.81,2092.61,2068.59,2089.62,315816,1123.8
2018-11-07,2090.32,2107.63,2072.48,2078.69,485225,1123.3
2018-11-08,2109.97,2120.88,2092.36,2092.63,328034,1117.3
2018-11-09,2093.89,2101.92,2082.47,2086.09,298072,1128.3
2018-11-12,2065.92,2087.24,2065.52,2080.44,295528,1133.9
2018-11-13,2047.62,2072.03,2032.05,2071.23,383421,1133.3
2018-11-14,2071.41,2075.12,2060.86,2068.05,339046,1134.3
2018-11-15,2061.47,2088.61,2058.73,2088.06,351042,1129.2
2018-11-16,2097.94,2103.11,2086.54,2092.4,301604,1128.5
2018-11-19,2096.13,2111.39,2089.37,2100.56,273198,1128.6
2018-11-20,2074.67,2089.54,2074.67,2082.58,281685,1125.8
2018-11-21,2057.07,2077.49,2049.76,2076.55,267903,1131.6
2018-11-22,2079.01,2081.75,2066.2,2069.95,242498,1129.2
2018-11-23,2073.26,2075.91,2047.96,2057.48,227202,1130.5
2018-11-26,2060.17,2083.96,2060.17,2083.02,237710,1128.9
2018-11-27,2091.75,2102.29,2079.49,2099.42,239211,1129.4
2018-11-28,2104.13,2108.65,2094.32,2108.22,300075,1126.5
2018-11-29,2133.95,2136.74,2108.9,2114.1,307230,1119.2
2018-11-30,2116.83,2122.33,2093.83,2096.86,427354,1121.2
2018-12-03,2127.78,2136.64,2113.6,2131.93,436588,1110.7
2018-12-04,2125.67,2128.94,2105.45,2114.35,507517,1105.3
2018-12-05,2086.57,2107.69,2086.57,2101.31,492716,1114.1
2018-12-06,2094.62,2094.62,2064,2068.69,537409,1120.3
2018-12-07,2081.68,2086.84,2065.62,2075.76,371590,1119.8
2018-12-10,2048.45,2061.78,2043.21,2053.79,344164,1126.5
2018-12-11,2058.16,2060.94,2047.17,2052.97,273932,1130.1
2018-12-12,2062.77,2084.77,2061.13,2082.57,457126,1128.5
2018-12-13,2087.43,2104.43,2084.37,2095.55,379818,1123.4
2018-12-14,2095.64,2095.64,2061.4,2069.38,448237,1130.8
2018-12-17,2071.21,2075.93,2065.51,2071.09,444522,1131.3
2018-12-18,2057.39,2074.31,2054.26,2062.11,429530,1129.6
2018-12-19,2068.95,2080.65,2063.01,2078.84,418796,1123.5
2018-12-20,2063.7,2071.08,2047.52,2060.12,421064,1127.8
2018-12-21,2052.7,2061.51,2049.76,2061.49,311388,1122.4
2018-12-24,2050.38,2059.94,2046.18,2055.01,285275,1125.2
2018-12-26,2028.81,2037.83,2014.28,2028.01,321499,1125.4
2018-12-27,2032.09,2035.57,2021.39,2028.44,398021,1120
2018-12-28,2036.7,2046.97,2035.41,2041.04,352677,1115.7
2019-01-02,2050.55,2053.45,2004.27,2010,326367,1119
2019-01-03,2011.81,2014.72,1991.65,1993.7,427976,1127.7
2019-01-04,1992.4,2011.56,1984.53,2010.25,408990,1124.5
2019-01-07,2034.24,2048.06,2030.9,2037.1,440191,1118.6
2019-01-08,2038.68,2042.7,2023.59,2025.27,397831,1124.1
2019-01-09,2034.19,2068.23,2034.19,2064.71,386247,1122.1
2019-01-10,2065.73,2072.81,2057.16,2063.28,382877,1118.3
2019-01-11,2070.36,2076.99,2063.99,2075.57,380061,1116.4
2019-01-14,2070.49,2073.94,2059.46,2064.52,432890,1123
2019-01-15,2069.14,2098.01,2067.58,2097.18,439488,1120.7
2019-01-16,2098.65,2106.35,2091.92,2106.1,500078,1120.1
2019-01-17,2110.14,2117.43,2101.7,2107.06,475884,1122.5
2019-01-18,2116.43,2124.5,2113.44,2124.28,456737,1121.9
2019-01-21,2133.87,2134.17,2114.45,2124.61,398034,1128.1
2019-01-22,2126.03,2129.37,2108.91,2117.77,419441,1130.5
2019-01-23,2108.72,2131.05,2106.74,2127.78,408600,1127.3
2019-01-24,2127.88,2145.08,2125.48,2145.03,413652,1128.6
2019-01-25,2147.92,2178.01,2146.64,2177.73,410001,1121.3
2019-01-28,2184.41,2188.15,2169.17,2177.3,371618,1117.7
2019-01-29,2172.83,2183.36,2162.53,2183.36,552586,1116.5
2019-01-30,2183.49,2206.2,2177.88,2206.2,480390,1116.3
2019-01-31,2222.88,2222.88,2201.22,2204.85,545247,1112.7
2019-02-01,2211.93,2218.78,2201.41,2203.46,479378,1118.8
2019-02-07,2215.77,2215.79,2196.77,2203.42,427842,1124.1
2019-02-08,2192.01,2192.48,2171.96,2177.05,391029,1123.9
2019-02-11,2180.54,2181.58,2167.36,2180.73,406059,1124.7
2019-02-12,2182.71,2195.05,2178.59,2190.47,429940,1123.9
2019-02-13,2200,2203.71,2194.75,2201.48,421989,1121.7
2019-02-14,2195.92,2225.85,2186.09,2225.85,573362,1125.1
2019-02-15,2210.94,2210.94,2187.71,2196.09,400591,1128.7
2019-02-18,2207.36,2217.32,2203,2210.89,314370,1125.8
2019-02-19,2208.96,2213.87,2193.34,2205.63,389093,1128.2
2019-02-20,2216.74,2234.68,2213.83,2229.76,374342,1123.5
2019-02-21,2224.26,2234.31,2213.19,2228.66,382510,1125.2
2019-02-22,2222.32,2230.5,2217.08,2230.5,409310,1125.2
2019-02-25,2241.13,2241.76,2224.64,2232.56,339233,1121
2019-02-26,2230.37,2235.7,2221.76,2226.6,331962,1118.6
2019-02-27,2234.46,2237.77,2228.16,2234.79,301513,1119.1
2019-02-28,2231.58,2233.93,2195.44,2195.44,510022,1124.7
2019-03-04,2210.97,2216.02,2188.56,2190.66,373166,1124.9
2019-03-05,2183.35,2185.74,2171.33,2179.23,313145,1125.5
2019-03-06,2177.11,2179.01,2168.46,2175.6,328943,1128.8
2019-03-07,2173.19,2181.19,2155.19,2165.79,292578,1129
2019-03-08,2152.8,2159.67,2137.44,2137.44,313314,1136.2
2019-03-11,2140.29,2145.31,2125.54,2138.1,272103,1133.7
2019-03-12,2154.61,2161.69,2150.96,2157.18,355282,1129.8
2019-03-13,2152.66,2154.11,2134.16,2148.41,285600,1132.6
2019-03-14,2154.35,2158.34,2142.31,2155.68,341009,1134.8
2019-03-15,2152.96,2181.77,2152.59,2176.11,387135,1137.3
2019-03-18,2179.69,2183.9,2172.34,2179.49,257951,1132.1
2019-03-19,2183.03,2183.76,2171.05,2177.62,319702,1130.6
2019-03-20,2171.41,2177.19,2152.21,2177.1,317606,1130.4
2019-03-21,2183.11,2200.32,2173.7,2184.88,342747,1127.7
2019-03-22,2192.72,2195.42,2178.77,2186.95,333617,1130.1
2019-03-25,2158.8,2159.25,2143.7,2144.86,307071,1134.2
2019-03-26,2152.98,2153.9,2143.63,2148.8,301253,1133.4
2019-03-27,2147.19,2152.91,2132.42,2145.62,363169,1134.5
2019-03-28,2131.25,2136.4,2120.93,2128.1,288036,1136.8
2019-03-29,2138.45,2143.3,2124.07,2140.67,364618,1135.1
2019-04-01,2153.31,2171.49,2153.31,2168.28,263312,1133.7
2019-04-02,2177.2,2181.37,2171.84,2177.18,257453,1136.4
2019-04-03,2176.81,2203.29,2172.83,2203.27,358644,1134.3
2019-04-04,2201.04,2216.15,2198.66,2206.53,431013,1136.3
2019-04-05,2206.36,2214.82,2205.26,2209.61,517153,1136.6
2019-04-08,2217.66,2217.87,2202.49,2210.6,347910,1144.7
2019-04-09,2212.32,2221.62,2203.54,2213.56,414809,1142.1
2019-04-10,2206.2,2225.02,2203.82,2224.39,399694,1138.6
2019-04-11,2227.69,2230.41,2217.18,2224.44,402016,1139.4
2019-04-12,2221.1,2233.45,2212.88,2233.45,449634,1139.4
2019-04-15,2242.31,2251.22,2240.29,2242.88,404160,1133.1
2019-04-16,2241.06,2249.89,2235.72,2248.63,569056,1135.7
2019-04-17,2249.05,2252.05,2242.01,2245.89,452474,1134.8
2019-04-18,2248.8,2250.11,2210.43,2213.77,573343,1136.9
2019-04-19,2223.42,2225.37,2215.58,2216.15,525263,1136.9
2019-04-22,2218.5,2227.94,2207.25,2216.65,493984,1141.5
2019-04-23,2217.61,2223.92,2212.14,2220.51,481177,1141.8
2019-04-24,2229.75,2229.75,2190.29,2201.03,575099,1150.9
2019-04-25,2195.47,2200.89,2187.44,2190.5,441137,1160.5
2019-04-26,2178.13,2186.52,2168.15,2179.31,570172,1161
2019-04-29,2183.41,2216.43,2181.82,2216.43,380823,1158.5
2019-04-30,2213.43,2215.77,2186.33,2203.59,381413,1168.2
2019-05-02,2192.94,2217.03,2191.3,2212.75,369059,1165.7
2019-05-03,2209.44,2211.36,2192.36,2196.32,617877,1170
2019-05-07,2172.39,2179.51,2160.44,2176.99,484097,1166.5
2019-05-08,2151.34,2179.34,2151.34,2168.01,456333,1169.4
2019-05-09,2159.79,2164.98,2102.01,2102.01,743506,1179.8
2019-05-10,2118.42,2124.92,2090.39,2108.04,714766,1177
2019-05-13,2091.8,2101.09,2077.72,2079.01,505750,1187.5
2019-05-14,2060.24,2093.41,2056.74,2081.84,696195,1189.4
2019-05-15,2081.92,2100.01,2076.46,2092.78,577794,1188.6
2019-05-16,2094.88,2095.58,2062.44,2067.69,745164,1191.5
2019-05-17,2081.57,2082.83,2053.79,2055.8,537380,1195.7
2019-05-20,2066.53,2077.1,2051.69,2055.71,640195,1194.2
2019-05-21,2056.95,2076.47,2053.69,2061.25,526858,1194
2019-05-22,2068.65,2070.8,2048.01,2064.86,509974,1192.8
2019-05-23,2063.25,2065.86,2046.82,2059.59,509268,1189.2
2019-05-24,2047.3,2057.38,2035.98,2045.31,480647,1188.4
2019-05-27,2044.25,2055.13,2035.87,2044.21,351616,1184.5
2019-05-28,2044.77,2058.42,2038.52,2048.83,494478,1185.8
2019-05-29,2046.71,2046.71,2016.25,2023.32,380893,1193.9
2019-05-30,2024.33,2040.66,2023.91,2038.8,461850,1188.8
2019-05-31,2029.03,2048.9,2022.97,2041.74,439181,1190.9
2019-06-03,2031.03,2070.58,2029.17,2067.85,387145,1182.1
2019-06-04,2066.78,2072.19,2060.98,2066.97,435991,1182.8
2019-06-05,2084.16,2086.49,2065.71,2069.11,380156,1178.6
2019-06-07,2070.78,2081.16,2057.97,2072.33,368392,1181.4
2019-06-10,2087.37,2099.65,2075.51,2099.49,457640,1185.2
2019-06-11,2096.09,2114.57,2094.6,2111.81,550740,1180.4
2019-06-12,2111.66,2118.89,2104.41,2108.75,693507,1182.6
2019-06-13,2104.46,2108.01,2081.92,2103.15,553393,1183.1
2019-06-14,2096.32,2103.02,2087.47,2095.41,473370,1185.3
2019-06-17,2091.71,2103.59,2087.25,2090.73,561550,1186.5
2019-06-18,2089.31,2103.02,2089.31,2098.71,600964,1185.8
2019-06-19,2119.54,2126.74,2117.64,2124.78,862980,1176.1
2019-06-20,2121.78,2131.77,2120.42,2131.29,1007158,1162.1
2019-06-21,2132.38,2132.68,2120.15,2125.62,692027,1164
2019-06-24,2130.32,2134.48,2123.88,2126.33,669639,1156.5
2019-06-25,2125.74,2136.24,2115.11,2121.64,642999,1156.2
2019-06-26,2120.2,2128.25,2115.72,2121.85,736851,1156.6
2019-06-27,2120.73,2141.27,2118.22,2134.32,644900,1158.1
2019-06-28,2135.06,2139.24,2123.97,2130.62,537274,1154.7
2019-07-01,2147.24,2147.24,2126.87,2129.74,412291,1158.8
2019-07-02,2122.07,2130.86,2112.52,2122.02,460830,1166
2019-07-03,2120.75,2127.71,2093.32,2096.02,522709,1171.3
2019-07-04,2102.36,2108.8,2088.97,2108.73,446932,1168.6
2019-07-05,2111,2115.43,2096.23,2110.59,459391,1170.4
2019-07-08,2091.91,2092.54,2063.78,2064.17,515950,1182
2019-07-09,2070.35,2075.3,2052.03,2052.03,440122,1180.5
2019-07-10,2061.55,2068.2,2056.48,2058.78,355677,1181.6
2019-07-11,2070.59,2088.24,2070.21,2080.58,376675,1173.5
2019-07-12,2083.53,2090.43,2077.35,2086.66,403935,1179.2
2019-07-15,2083.39,2088.34,2073.1,2082.48,463519,1179.3
2019-07-16,2084.46,2096.67,2078.74,2091.87,682802,1177.6
2019-07-17,2079.91,2080.01,2063.49,2072.92,761626,1181.3
2019-07-18,2068.66,2073.2,2061.33,2066.55,446644,1178.8
2019-07-19,2080.21,2096.73,2076.51,2094.36,394904,1174.5
2019-07-22,2090.35,2099.34,2087.51,2093.34,332629,1178.3
2019-07-23,2095.76,2106.39,2095.38,2101.45,648123,1178.9
2019-07-24,2097.16,2105.68,2080.66,2082.3,851392,1177.9
2019-07-25,2085.67,2088.81,2061.08,2074.48,598634,1181.5
2019-07-26,2063.35,2068.16,2054.64,2066.26,589074,1184.8
2019-07-29,2059.13,2063.13,2025.01,2029.48,608670,1183.5
2019-07-30,2035.32,2044.59,2032.61,2038.68,547029,1181.6
2019-07-31,2036.46,2041.16,2010.95,2024.55,589386,1183.1
